customer_id,customer_name,email,phone,city,created_at,source_updated_at,customer_status
C001,Arun Kumar,arun.kumar@example.com,9876543210,Chennai,25/09/2026 09:15:00,26/09/2026 08:10:00,ACTIVE
C002,Priya Sharma,priya.sharma@example.com,9876543211,Chennai,25/09/2026 10:20:00,26/09/2026 08:25:00,ACTIVE
C003,Rahul Singh,rahul.singh@example.com,9876543212,Chennai,25/09/2026 11:05:00,26/09/2026 08:40:00,ACTIVE
C004,Divya Raj,divya.raj@example.com,9876543213,Chennai,25/09/2026 12:30:00,26/09/2026 08:55:00,ACTIVE
C005,Karthik Mani,karthik.mani@example.com,9876543214,Bengaluru,25/09/2026 13:10:00,26/09/2026 09:15:00,ACTIVE
C006,Sneha Iyer,sneha.iyer@example.com,9876543215,Chennai,25/09/2026 14:45:00,26/09/2026 09:30:00,ACTIVE
C007,Vikram Rao,vikram.rao@example.com,9876543216,Chennai,25/09/2026 15:20:00,26/09/2026 09:50:00,INACTIVE
C008,Meena Krishnan,meena.krishnan@example.com,9876543217,Coimbatore,25/09/2026 16:00:00,26/09/2026 10:05:00,ACTIVE
C009,Sanjay Kumar,sanjay.kumar@example.com,9876543218,Chennai,25/09/2026 16:40:00,26/09/2026 10:20:00,ACTIVE
C010,Nisha Patel,nisha.patel@example.com,9876543219,Bengaluru,25/09/2026 17:15:00,26/09/2026 10:35:00,ACTIVE
C011,Manoj S,manoj.s@example.com,9876543220,Chennai,25/09/2026 18:05:00,26/09/2026 10:50:00,ACTIVE
C012,Aishwarya R,aishwarya.r@example.com,9876543221,Chennai,25/09/2026 18:45:00,26/09/2026 11:05:00,ACTIVE
