customer_id,customer_name,email,phone,city,state,country,created_at,updated_at_raw
C001,John Smith,john.smith@email.com,9876543210,Hyderabad,Telangana,India,2026-09-01 09:00:00,2026-09-01 09:15:00
C002,Alice Johnson,alice.johnson@email.com,9876543211,Bangalore,Karnataka,India,2026-09-02 10:30:00,2026-09-02 10:45:00
C003,Bharat Kumar,bharat.kumar@email.com,9876543212,Pune,Maharashtra,India,2026-09-03 11:00:00,2026-09-03 11:20:00
C004,Neha Patel,neha.patel@email.com,9876543213,Delhi,Delhi,India,2026-09-04 12:15:00,2026-09-04 12:30:00
C005,Rahul Verma,rahul.verma@email.com,9876543214,Chennai,Tamil Nadu,India,2026-09-05 08:00:00,2026-09-05 08:10:00
C006,Meera Iyer,meera.iyer@email.com,9876543215,Mumbai,Maharashtra,India,2026-09-06 14:00:00,2026-09-06 14:10:00
C007,Sandeep Rao,sandeep.rao@email.com,9876543216,Ahmedabad,Gujarat,India,2026-09-07 16:20:00,2026-09-07 16:40:00
C008,Priya Singh,priya.singh@email.com,9876543217,Jaipur,Rajasthan,India,2026-09-08 09:40:00,2026-09-08 09:50:00
C009,Arjun Nair,arjun.nair@email.com,9876543218,Kochi,Kerala,India,2026-09-09 11:45:00,2026-09-09 11:55:00
C010,Divya Sharma,divya.sharma@email.com,9876543219,Visakhapatnam,Andhra Pradesh,India,2026-09-10 15:10:00,2026-09-10 15:20:00
